"","lat","lon","total"
"1",-54.429579,-36.587909,1
"2",-42.8729302,147.3013674,1
"3",-41.468917,-72.9411364,1
"4",-40.900557,174.885971,2
"5",-38.416097,-63.616672,3
"6",-37.8491409,144.9937739,1
"7",-37.813611,144.963056,1
"8",-37.4713077,144.7851531,1
"9",-34.9284989,138.6007456,1
"10",-34.7678337,-58.3792534,1
"11",-34.6036844,-58.3815591,2
"12",-34.600823,-58.467831,1
"13",-34.0948167,-56.2202946,1
"14",-33.9248685,18.4240553,2
"15",-33.8688197,151.2092955,8
"16",-33.7139247,25.5207358,1
"17",-33.5356513,150.6336091,1
"18",-33.4488897,-70.6692655,1
"19",-33.3805735,-70.5710493,1
"20",-33.2262828,150.8609358,1
"21",-32.9442426,-60.6505388,1
"22",-32.1347346,28.1854042,1
"23",-31.9505269,115.8604572,1
"24",-31.2532183,146.921099,1
"25",-30.559482,22.937506,3
"26",-28.6104322,153.1932534,5
"27",-27.7472575,152.9532584,1
"28",-27.4697707,153.0251235,3
"29",-27.2423392,-50.2188556,1
"30",-26.9107052,-48.6709133,1
"31",-26.65,153.066667,1
"32",-26.2041028,28.0473051,2
"33",-25.274398,133.775136,3
"34",-25.2637399,-57.575926,1
"35",-23.5505199,-46.6333094,3
"36",-23.5328871,-46.7919978,1
"37",-23.442503,-58.443832,2
"38",-23.3044524,-51.1695824,1
"39",-22.9114522,-43.196804,1
"40",-22.9068467,-43.1728965,7
"41",-22.3534263,-42.7076107,1
"42",-22.2887261,-42.5340796,1
"43",-20.4697105,-54.6201211,1
"44",-19.9166813,-43.9344931,1
"45",-19.8096435,-43.8947172,1
"46",-16.6868912,-49.2647943,1
"47",-16.290154,-63.588653,1
"48",-15.8270369,-49.8362237,2
"49",-15.3875259,28.3228165,1
"50",-14.235004,-51.92528,21
"51",-12.9730401,-38.502304,1
"52",-12.579738,-41.7007272,2
"53",-12.046374,-77.0427934,2
"54",-10.447525,105.690449,1
"55",-10.4221174,-62.4694406,1
"56",-9.6498487,-35.7089492,1
"57",-9.4167977,-40.503516,1
"58",-8.8399876,13.2894368,1
"59",-8.3405389,115.0919509,1
"60",-7.8090256,110.363649,1
"61",-7.5857564,-35.1007543,1
"62",-7.2574719,112.7520883,1
"63",-6.7765974,-79.8442978,1
"64",-6.6721548,-38.0514566,2
"65",-6.5406665,107.4462717,1
"66",-6.2382699,106.9755726,1
"67",-6.2023936,106.6527099,1
"68",-6.1744651,106.822745,1
"69",-6.1275118,106.6536859,1
"70",-5.7792569,-35.200916,1
"71",-3.1190275,-60.0217314,2
"72",-2.6377821,-56.7295415,2
"73",-2.5391099,-44.2829046,1
"74",-1.831239,-78.183406,1
"75",-1.2920659,36.8219462,2
"76",-0.789275,113.921327,6
"77",-0.7277328,-48.5181221,1
"78",-0.023559,37.906193,4
"79",1.352083,103.819836,3
"80",3.0738379,101.5183469,2
"81",3.139003,101.686855,2
"82",3.4516467,-76.5319854,1
"83",4.210484,101.975766,1
"84",4.570868,-74.297333,3
"85",4.7109886,-74.072092,1
"86",4.8580767,6.9209135,1
"87",5.152149,46.199616,1
"88",5.3158475,-75.9927652,1
"89",5.836163,102.4077409,1
"90",5.980408,116.0734568,1
"91",6.244203,-75.5812119,1
"92",6.3300571,-10.7577044,1
"93",6.42375,-66.58973,5
"94",6.5243793,3.3792057,2
"95",7.369722,12.354722,2
"96",7.6056826,-74.8062648,2
"97",8.460555,-11.779889,1
"98",8.537981,-80.782127,1
"99",8.750983,-75.8785348,1
"100",8.8556838,7.179026,1
"101",9.0669877,-79.3870749,1
"102",9.081999,8.675277,4
"103",9.748917,-83.753428,3
"104",9.967492,-72.5204827,2
"105",10.0071689,76.3158307,1
"106",10.183333,0.616667,1
"107",10.378758,-66.8521565,1
"108",10.4805937,-66.9036063,1
"109",10.587508,-66.9213628,1
"110",12.1165,-61.679,1
"111",12.879721,121.774017,6
"112",13.0826802,80.2707184,1
"113",13.4689356,123.277158,1
"114",13.7563309,100.5017651,2
"115",13.794185,-88.89653,2
"116",14.554729,121.0244452,1
"117",14.5995124,120.9842195,2
"118",14.6680747,120.9658454,1
"119",14.6760413,121.0437003,2
"120",14.739952,121.0267879,1
"121",15.1186009,104.3220095,1
"122",15.199999,-86.241905,1
"123",15.414999,-61.370976,1
"124",15.5149204,-87.9922684,2
"125",15.783471,-90.230759,1
"126",15.870032,100.992541,1
"127",16.7569318,-93.1292353,2
"128",17.3433796,-62.7559043,1
"129",17.385044,78.486671,1
"130",17.607789,8.081666,1
"131",18.109581,-77.297508,4
"132",18.2165154,-66.3119138,1
"133",18.220833,-66.590149,6
"134",18.2387995,-66.035249,1
"135",18.4459626,-66.0678764,1
"136",18.5204303,73.8567437,1
"137",18.735693,-70.162651,2
"138",18.7790597,-99.2308014,1
"139",18.9242095,-99.2215659,1
"140",18.9569392,-99.2315748,1
"141",18.971187,-72.285215,1
"142",19.0412967,-98.2061996,1
"143",19.0759837,72.8776559,2
"144",19.173773,-96.1342241,1
"145",19.3219488,-99.0438249,1
"146",19.3437444,-99.1561883,1
"147",19.3656534,-99.1228286,1
"148",19.4064492,-102.0430476,1
"149",19.4121597,-99.1712821,3
"150",19.417431,-99.1411525,2
"151",19.4193122,-99.1858255,1
"152",19.4326077,-99.133208,8
"153",19.8761653,75.3433139,1
"154",20.3085674,85.8193357,1
"155",20.5027258,-100.815822,1
"156",20.5887932,-100.3898881,1
"157",20.593684,78.96288,5
"158",20.6596988,-103.3496092,3
"159",20.7098786,-89.0943377,1
"160",20.9673702,-89.5925857,1
"161",21.3996475,-157.7973653,1
"162",21.4513314,-158.0152807,1
"163",21.4691137,-78.6568942,1
"164",21.5010495,-158.0209227,1
"165",21.521757,-77.781167,1
"166",22.2697139,39.7858575,2
"167",22.7641984,-102.5865558,1
"168",23.2001229,72.3399927,1
"169",23.634501,-102.552784,20
"170",24.26694,-98.8362755,1
"171",24.4384457,54.4287424,1
"172",24.4432479,-104.1175578,1
"173",24.453884,54.3773438,1
"174",24.5246542,39.5691841,1
"175",24.5550593,-81.7799871,1
"176",24.8090649,-107.3940117,1
"177",25.0329694,121.5654177,2
"178",25.03428,-77.39628,2
"179",25.216667,55.166667,2
"180",25.260913,55.374186,1
"181",25.354826,51.183884,1
"182",25.43208,-100.9836611,2
"183",25.5516034,-80.6326916,1
"184",25.6103836,-80.4294996,1
"185",25.6653934,-80.3992652,1
"186",25.6866142,-100.3161126,6
"187",25.7616798,-80.1917902,55
"188",25.7704554,-80.1942628,1
"189",25.7815621,-100.1875974,1
"190",25.790654,-80.1300455,5
"191",25.8575963,-80.2781057,2
"192",25.8900949,-80.1867138,1
"193",25.9017472,-97.4974838,1
"194",25.9650919,-80.1222671,1
"195",26.007765,-80.2962555,2
"196",26.0217447,-97.5341533,1
"197",26.057506,-80.1611889,1
"198",26.0717438,-97.4763733,2
"199",26.1224386,-80.1373174,13
"200",26.1375399,-80.103104,1
"201",26.1420358,-81.7948103,3
"202",26.1595194,-97.9908366,1
"203",26.2034071,-98.2300124,2
"204",26.2124013,127.6809317,1
"205",26.2378597,-80.1247667,2
"206",26.271192,-80.2706044,1
"207",26.2934048,-97.9930588,1
"208",26.3017374,-98.1633432,1
"209",26.3050556,-98.1745111,1
"210",26.3184123,-80.0997657,1
"211",26.339806,-81.7786972,1
"212",26.3683064,-80.1289321,5
"213",26.4185248,-81.4174057,1
"214",26.4614625,-80.0728201,5
"215",26.5628537,-81.9495331,1
"216",26.5909025,-80.1008762,1
"217",26.640628,-81.8723084,2
"218",26.6617635,-80.2683571,1
"219",26.6845104,-80.6675577,1
"220",26.820553,30.802498,2
"221",26.8233946,-80.1386547,1
"222",26.8331174,-81.0931234,1
"223",26.8466937,80.946166,2
"224",26.9246438,75.818674,1
"225",26.9342246,-80.0942087,2
"226",26.9597709,49.5687416,1
"227",27.0238036,74.2179326,1
"228",27.197548,-80.2528257,1
"229",27.2544906,-80.2297697,1
"230",27.2730492,-80.3582261,1
"231",27.3336755,128.5737302,1
"232",27.3364347,-82.5306527,3
"233",27.4989278,-82.5748194,1
"234",27.5158689,-97.856109,1
"235",27.5305671,-99.4803241,3
"236",27.6648274,-81.5157535,62
"237",27.7518284,-82.6267345,2
"238",27.763383,-82.5436722,2
"239",27.8005828,-97.396381,3
"240",27.829352,-97.2241138,1
"241",27.8428025,-82.6995443,1
"242",27.8498701,-82.4827675,1
"243",27.9094665,-82.7873244,2
"244",27.950575,-82.4571776,23
"245",27.9658533,-82.8001026,3
"246",27.9789074,-97.3986041,1
"247",28.0205733,-97.0544341,1
"248",28.033886,1.659626,1
"249",28.0344621,-80.5886646,2
"250",28.0394654,-81.9498042,1
"251",28.0473658,-82.6111984,1
"252",28.0582985,-81.8661442,1
"253",28.0587031,-82.4138539,1
"254",28.0888298,-80.6520272,1
"255",28.1108485,-82.6948221,1
"256",28.1511243,-82.4614831,1
"257",28.1726677,-80.5899424,1
"258",28.2143574,-82.7350514,2
"259",28.2441768,-82.7192671,2
"260",28.2716755,-82.7195451,1
"261",28.373949,-81.551844,2
"262",28.3861159,-80.7419984,1
"263",28.4743207,-81.4678193,2
"264",28.5383355,-81.3792365,26
"265",28.5399653,-81.3799851,1
"266",28.5478831,-81.7380989,1
"267",28.5494447,-81.7728543,1
"268",28.5691677,-81.5439619,1
"269",28.6139391,77.2090212,4
"270",28.660437,-106.1020263,1
"271",28.6611089,-81.3656242,1
"272",28.6906285,77.2764329,2
"273",28.6916182,-100.5408622,1
"274",28.7091433,-100.4995214,1
"275",28.7931502,-81.2727616,2
"276",28.8028612,-81.269453,1
"277",28.829243,-81.797152,1
"278",29.028318,-81.3031179,1
"279",29.0338575,-95.4343859,1
"280",29.0587757,76.085601,1
"281",29.0729673,-110.9559192,3
"282",29.0938652,-97.2891568,1
"283",29.1871986,-82.1400923,6
"284",29.2108147,-81.0228331,2
"285",29.4241219,-98.4936282,26
"286",29.4737142,-90.3074646,1
"287",29.4906146,-98.5597662,1
"288",29.5016257,-97.4524926,1
"289",29.5074538,-95.0949303,1
"290",29.5427297,-95.0204837,1
"291",29.5526158,-98.2702283,1
"292",29.561618,-98.2269553,1
"293",29.5668955,-94.3935216,1
"294",29.5824497,-98.4908512,1
"295",29.5844524,-81.2078699,2
"296",29.5957696,-90.7195348,2
"297",29.607046,-95.5251503,1
"298",29.6150433,-98.3168216,1
"299",29.6185669,-95.5377215,7
"300",29.6403939,-95.3280398,1
"301",29.6452718,-95.2773289,1
"302",29.6516344,-82.3248262,4
"303",29.6573847,-95.0979839,2
"304",29.7023032,-98.4940106,1
"305",29.7199489,-95.3422334,1
"306",29.7270612,-94.961594,2
"307",29.727312,-95.3520876,1
"308",29.7355047,-94.9774274,3
"309",29.7408978,-95.5827334,1
"310",29.7601082,-95.3656107,2
"311",29.7604267,-95.3698028,109
"312",29.7841944,-95.8316803,1
"313",29.8828699,-95.4493105,1
"314",29.8832749,-97.9413941,3
"315",29.8851459,-99.8124935,1
"316",29.8896442,-96.8350999,1
"317",29.8942825,-97.9810845,1
"318",29.8993723,-90.1003506,1
"319",29.9012437,-81.3124341,3
"320",29.9305243,-90.0749949,1
"321",29.9365048,-90.0776554,2
"322",29.948954,-90.0743769,1
"323",29.9510658,-90.0715323,38
"324",29.9554755,-90.0686111,1
"325",29.9840922,-90.1528519,2
"326",29.9984584,-90.1642918,1
"327",30.0006167,-90.188701,1
"328",30.0036795,-90.4572531,1
"329",30.0066205,-90.1055405,1
"330",30.0077772,-95.6425136,1
"331",30.0110809,-90.7197143,1
"332",30.0137509,-89.9932519,1
"333",30.0219684,-89.9816746,1
"334",30.0289167,-89.9836611,1
"335",30.053694,-90.69356,1
"336",30.0799405,-95.4171601,2
"337",30.080174,-94.1265562,3
"338",30.0971621,-95.6160549,1
"339",30.097643,-97.307347,2
"340",30.1588129,-85.6602058,1
"341",30.161776,-81.5406516,1
"342",30.1658207,-95.4612625,9
"343",30.1983807,71.4687028,1
"344",30.2240897,-92.0198427,2
"345",30.2265949,-93.2173758,1
"346",30.227241,-97.7804546,1
"347",30.2400058,-81.3852595,1
"348",30.241353,-98.756705,1
"349",30.267153,-97.7430608,44
"350",30.2751945,-89.7811745,1
"351",30.2838958,-95.4477966,1
"352",30.2841224,-81.3961338,6
"353",30.3118769,-95.4560512,3
"354",30.3321838,-81.655651,5
"355",30.34132,-95.0854885,1
"356",30.3447314,-97.7114769,1
"357",30.3500511,-81.6035062,2
"358",30.3582506,-90.0656311,1
"359",30.375321,69.345116,3
"360",30.3931168,-82.3017728,1
"361",30.3960318,-88.8853078,2
"362",30.4173348,-91.1420115,1
"363",30.421309,-87.2169149,2
"364",30.4382559,-84.2807329,1
"365",30.4393696,-97.6200043,1
"366",30.4418778,-84.2984889,1
"367",30.458072,-84.22285,1
"368",30.4582829,-91.1403196,5
"369",30.4765846,-91.0836354,1
"370",30.4791229,-84.0220785,2
"371",30.5039849,-90.6694787,1
"372",30.5043578,-90.5823138,1
"373",30.5788055,-97.8530686,1
"374",30.5864848,-91.4803537,1
"375",30.5993603,-87.1610807,1
"376",30.627977,-96.3344068,5
"377",30.6743643,-96.3699632,1
"378",30.6846637,-83.1828732,1
"379",30.6953657,-88.0398912,2
"380",30.7046486,76.7178726,2
"381",30.711029,-94.9329898,2
"382",30.7169886,-95.5486328,1
"383",30.7235263,-95.5507771,5
"384",30.7333148,76.7794179,1
"385",30.7918559,-85.6796533,1
"386",30.820742,-88.0705556,1
"387",30.9842977,-91.9623327,18
"388",31.0982344,-97.342782,1
"389",31.1171194,-97.7277959,5
"390",31.1363315,-97.7797049,1
"391",31.1499528,-81.4914894,1
"392",31.1819901,-105.359231,1
"393",31.183817,-81.4864072,1
"394",31.1918878,-97.8070986,1
"395",31.2000924,29.9187387,1
"396",31.2232313,-85.3904888,1
"397",31.3238993,34.887783,1
"398",31.351284,-85.3421559,1
"399",31.416337,-100.3354289,1
"400",31.4504629,-83.5084973,1
"401",31.4549785,-100.4744012,1
"402",31.4637723,-100.4370375,1
"403",31.5355376,-97.1188299,1
"404",31.549333,-97.1466695,5
"405",31.5785074,-84.155741,1
"406",31.7618778,-106.4850217,5
"407",31.770835,-94.7289192,1
"408",31.7765369,-99.7095226,1
"409",31.7782514,-82.3484618,1
"410",31.8023831,-97.0916692,1
"411",31.8456816,-102.3676431,1
"412",31.8667427,-116.5963713,3
"413",31.8696309,-82.5943026,1
"414",31.875925,-102.348366,1
"415",31.9437799,-94.2440865,1
"416",31.9635074,-83.7823938,1
"417",31.9685988,-99.9018131,64
"418",32.0835407,-81.0998342,5
"419",32.1360332,-81.6220565,1
"420",32.1656221,-82.9000751,49
"421",32.2217429,-110.926479,5
"422",32.2318851,-110.9501094,1
"423",32.2371465,-80.8603868,1
"424",32.2390366,-90.1584206,1
"425",32.286281,-83.2523765,1
"426",32.2987573,-90.1848103,1
"427",32.3182314,-86.902298,8
"428",32.3199396,-106.7636538,1
"429",32.3261478,-110.9008413,1
"430",32.328298,-96.6266998,1
"431",32.3512601,-95.3010624,4
"432",32.3546679,-89.3985283,4
"433",32.3668052,-86.2999689,4
"434",32.368009,-95.114542,1
"435",32.4334742,-97.1025077,2
"436",32.4487364,-99.7331439,2
"437",32.4487876,-81.7831674,2
"438",32.4609764,-84.9877094,1
"439",32.4640245,-86.4596966,1
"440",32.5007037,-94.7404891,2
"441",32.5149469,-117.0382471,3
"442",32.5184775,-92.1476353,1
"443",32.5251516,-93.7501789,1
"444",32.5307242,-83.7193929,1
"445",32.548222,-82.8718084,1
"446",32.555556,-117.0470434,1
"447",32.5636793,-96.8485308,1
"448",32.5896998,-96.8570738,1
"449",32.5933574,-85.4951663,2
"450",32.6082373,-80.0848166,1
"451",32.6098566,-85.4807825,1
"452",32.6926512,-114.6276916,2
"453",32.715738,-117.1610838,37
"454",32.7338006,-117.1933038,1
"455",32.735687,-97.1080656,4
"456",32.742482,-96.826954,1
"457",32.7478763,-97.0926985,1
"458",32.7554883,-97.3307658,16
"459",32.7592955,-97.7972544,1
"460",32.7638842,-117.0246986,1
"461",32.7667955,-96.5991593,1
"462",32.7678287,-117.0230839,2
"463",32.7764749,-79.9310512,5
"464",32.7766642,-96.7969879,43
"465",32.778651,-108.153234,1
"466",32.8015565,-96.8002704,1
"467",32.8084605,-98.1128223,1
"468",32.8115638,-107.9211672,1
"469",32.8140177,-96.9488945,3
"470",32.8194131,-79.7343791,1
"471",32.8795022,-111.7573521,1
"472",32.8998091,-97.0403352,5
"473",32.912624,-96.6388833,1
"474",32.9342919,-97.0780654,1
"475",32.9359457,-96.9584922,1
"476",32.9401334,-117.0445715,1
"477",32.940444,-97.1060202,3
"478",32.9594891,-117.2653146,1
"479",32.9659566,-97.6836384,1
"480",32.9756415,-96.8899636,2
"481",32.991235,-97.1950138,1
"482",33.001125,-96.686667,2
"483",33.0185039,-80.1756481,1
"484",33.0198431,-96.6988856,1
"485",33.0205401,-96.7028312,1
"486",33.0362218,-85.0322444,1
"487",33.046233,-96.994174,1
"488",33.0806083,-96.8928309,1
"489",33.087972,-79.467312,2
"490",33.1031744,-96.6705503,1
"491",33.1506744,-96.8236116,2
"492",33.1567863,-94.968269,1
"493",33.1580933,-117.3505939,1
"494",33.1731716,-86.2516406,1
"495",33.177294,-111.5468301,1
"496",33.1958696,-117.3794834,1
"497",33.1972465,-96.6397822,1
"498",33.2098407,-87.5691735,6
"499",33.2148412,-97.1330683,2
"500",33.2318281,-97.0022908,1
"501",33.2558717,-116.375012,1
"502",33.2771073,52.3613378,3
"503",33.3042834,-96.986118,2
"504",33.3061605,-111.8412502,2
"505",33.3401108,-86.6302625,1
"506",33.3433091,-96.5580606,1
"507",33.3528264,-111.789027,1
"508",33.3806716,-84.7996573,1
"509",33.3945681,-104.5229281,3
"510",33.4150485,-111.5495777,1
"511",33.4151843,-111.8314724,3
"512",33.4255104,-111.9400054,7
"513",33.4273614,-81.8909472,1
"514",33.4332236,-79.1214313,1
"515",33.4483771,-112.0740373,23
"516",33.4487183,-86.7877668,1
"517",33.4487257,-84.4549262,1
"518",33.4734978,-82.0105148,4
"519",33.4938686,-117.1490805,1
"520",33.4941704,-111.9260519,6
"521",33.4951996,-112.2178565,1
"522",33.5173577,-82.0756734,1
"523",33.5206608,-86.80249,7
"524",33.5215013,-84.3538128,1
"525",33.5263189,-82.0396225,1
"526",33.5386523,-112.1859866,1
"527",33.5422475,-117.7831104,2
"528",33.5568089,-84.5270839,1
"529",33.5589953,-97.8486457,1
"530",33.5726113,-84.4132594,3
"531",33.5778631,-101.8551665,1
"532",33.5801103,-85.0766113,4
"533",33.5870558,-84.5424299,1
"534",33.5873164,-102.37796,1
"535",33.5967815,-83.8601827,1
"536",33.6000232,-117.6719953,1
"537",33.6016573,-117.8728117,1
"538",33.6103009,-117.7253305,1
"539",33.6186731,-84.4734171,1
"540",33.6189101,-117.9289469,9
"541",33.6212816,-117.9127254,1
"542",33.6213447,-111.8559373,1
"543",33.6292337,-112.3679279,1
"544",33.6344684,-112.226533,1
"545",33.6400598,-117.8108201,1
"546",33.6407282,-84.4277001,1
"547",33.6411316,-117.9186689,3
"548",33.6486673,-84.4578523,1
"549",33.6534427,-84.4493725,3
"550",33.660297,-117.9992265,2
"551",33.6603247,-84.4759682,1
"552",33.6619819,-112.3412726,1
"553",33.6676103,-84.0176904,1
"554",33.6845539,-87.8308522,1
"555",33.6858022,-117.8082831,1
"556",33.6890603,-78.8866943,2
"557",33.6971468,-117.185294,1
"558",33.7123305,-84.1051939,3
"559",33.7174708,-117.8311428,8
"560",33.7205771,-116.2155619,1
"561",33.7222445,-116.3744556,1
"562",33.728714,-118.0840212,1
"563",33.7293882,73.0931461,1
"564",33.7322509,-117.9944542,2
"565",33.7343659,73.1358002,1
"566",33.7370514,-85.032445,1
"567",33.7427991,-116.2891752,1
"568",33.7461945,-118.1053698,1
"569",33.7475203,-116.9719684,1
"570",33.7489954,-84.3879824,191
"571",33.7498792,-84.4133272,1
"572",33.7514966,-84.7477136,1
"573",33.754116,-84.366996,1
"574",33.7541215,-84.4918471,1
"575",33.7548472,-84.3666825,1
"576",33.755711,-84.3883717,1
"577",33.7589188,-84.3640829,10
"578",33.7700504,-118.1937395,3
"579",33.7739053,-117.9414477,1
"580",33.7748275,-84.2963123,4
"581",33.778175,76.5761714,1
"582",33.7839084,-116.958635,1
"583",33.7877944,-117.8531119,1
"584",33.7948364,-83.713229,2
"585",33.8003947,-84.3932312,1
"586",33.8005714,-118.3900737,1
"587",33.8081608,-84.170196,3
"588",33.8103819,-84.4165485,1
"589",33.824224,-111.924201,1
"590",33.8246585,-117.8376937,1
"591",33.8302961,-116.5452921,1
"592",33.8352932,-117.9145036,5
"593",33.836081,-81.1637245,15
"594",33.8498184,-84.4382721,1
"595",33.8529366,-117.8673659,1
"596",33.8545479,-84.2171424,1
"597",33.858225,-84.3479418,2
"598",33.8622025,-118.4014355,1
"599",33.8622366,-118.3995194,1
"600",33.8643414,-118.2611082,2
"601",33.8651033,-84.3365917,1
"602",33.8703596,-117.9242966,1
"603",33.8830986,-79.5816186,1
"604",33.8839926,-84.5143761,1
"605",33.8847361,-118.4109089,5
"606",33.8883487,-118.3089624,1
"607",33.8942729,-83.95574,1
"608",33.8958492,-118.2200712,2
"609",33.9014067,-84.2420283,1
"610",33.9036189,-84.2774862,1
"611",33.908237,-84.355437,1
"612",33.9190653,-84.0167423,2
"613",33.9204354,-80.3414693,1
"614",33.9255713,-116.8764103,1
"615",33.933678,-80.392213,1
"616",33.938291,-83.3873766,1
"617",33.9386361,-118.2380432,2
"618",33.939094,-118.284797,1
"619",33.9415889,-118.40853,1
"620",33.949281,-83.534608,1
"621",33.9519347,-83.357567,6
"622",33.952463,-117.5848025,1
"623",33.952602,-84.5499327,9
"624",33.9533487,-117.3961564,6
"625",33.9562149,-83.9879625,3
"626",33.9564194,-118.4422317,1
"627",33.9616801,-118.3531311,5
"628",33.9689959,-83.3837708,1
"629",33.9791793,-118.032844,1
"630",33.9815369,-81.2362107,1
"631",33.9816812,-118.2250725,1
"632",33.9850469,-118.4694832,4
"633",33.9887165,-83.8979573,1
"634",33.9926097,-83.7201709,1
"635",34.0007104,-81.0348144,5
"636",34.0015232,-81.7720522,1
"637",34.0019304,-118.3931586,1
"638",34.0028786,-84.1446376,4
"639",34.0093952,-118.4146767,1
"640",34.0122346,-117.688944,1
"641",34.013535,-118.237626,1
"642",34.019322,-80.9898128,2
"643",34.0194543,-118.4911912,4
"644",34.0211224,-118.3964665,3
"645",34.0234337,-84.6154897,4
"646",34.0255823,-118.2772773,1
"647",34.0259216,-118.7797571,1
"648",34.0289259,-84.198579,1
"649",34.0297895,-118.2117257,1
"650",34.0333443,-118.0370113,1
"651",34.0369601,-118.1939561,1
"652",34.040713,-118.2467693,1
"653",34.0426948,-80.9620582,1
"654",34.0430175,-118.2672541,1
"655",34.0475871,-118.256677,1
"656",34.047758,-118.338586,1
"657",34.0480519,-118.258582,1
"658",34.0489281,-111.0937311,21
"659",34.0514898,-84.0712997,3
"660",34.0521011,-118.4732464,1
"661",34.0522342,-118.2436849,159
"662",34.0555693,-117.1825381,1
"663",34.0565284,-117.8215295,1
"664",34.0598891,-118.2968023,1
"665",34.0624616,-118.2908319,2
"666",34.0649253,-79.7618035,2
"667",34.0736204,-118.4003563,4
"668",34.073851,-118.2399583,2
"669",34.0753762,-84.2940899,2
"670",34.076454,-118.196314,1
"671",34.0778692,-118.3762533,1
"672",34.0802806,-118.0949123,2
"673",34.0826763,-118.3822187,1
"674",34.0900091,-118.3617443,6
"675",34.0900091,-117.8903397,1
"676",34.0910444,-118.2930663,1
"677",34.0922335,-117.435048,1
"678",34.0928092,-118.3286614,9
"679",34.1014873,-84.5193754,1
"680",34.101885,-118.337163,1
"681",34.1063989,-117.5931084,1
"682",34.1083449,-117.2897652,3
"683",34.1112226,-82.8670839,1
"684",34.1140497,-83.9811014,3
"685",34.1159867,-118.19925,1
"686",34.1206564,-84.0043513,4
"687",34.1307949,-118.6848112,1
"688",34.1322469,-118.2117257,2
"689",34.1341151,-118.3215482,2
"690",34.1395597,-118.3870991,3
"691",34.1425078,-118.255075,1
"692",34.1489719,-118.451357,1
"693",34.1569105,-92.3570871,1
"694",34.159318,-118.1322996,1
"695",34.1650972,-84.7999382,2
"696",34.1687661,-80.062568,1
"697",34.1705609,-118.8375937,1
"698",34.1742914,-88.7220435,1
"699",34.1755619,-118.3484173,1
"700",34.1808392,-118.3089661,3
"701",34.1825782,-118.4396756,2
"702",34.2073196,-84.1401926,1
"703",34.2163937,-119.0376023,3
"704",34.2257255,-77.9447102,3
"705",34.2284312,-92.0031955,1
"706",34.2331373,-102.4107493,24
"707",34.2367621,-84.4907621,2
"708",34.2514526,-84.4802606,2
"709",34.2694474,-118.781482,1
"710",34.2745833,-81.6187178,1
"711",34.274646,-119.2290316,2
"712",34.2978794,-83.8240663,1
"713",34.3614336,-86.3442107,2
"714",34.3847855,-89.4982398,1
"715",34.4053945,-117.5878823,1
"716",34.4133292,-119.8609718,1
"717",34.4208305,-119.6981901,2
"718",34.4465018,-82.3915121,2
"719",34.4673222,-83.5737843,1
"720",34.502587,-84.9510542,1
"721",34.5146944,-93.1162513,1
"722",34.5199402,-105.8700901,6
"723",34.5400242,-112.4685025,1
"724",34.5789747,-85.986644,1
"725",34.5794343,-118.1164613,1
"726",34.5827699,-117.409215,1
"727",34.5970402,-83.7632366,1
"728",34.609528,-98.4223772,1
"729",34.6562011,-99.2832648,1
"730",34.6568361,-78.726407,1
"731",34.6830488,135.4523282,1
"732",34.6992579,-86.7483318,1
"733",34.7302829,136.5085883,1
"734",34.7303688,-86.5861037,2
"735",34.7370639,-82.2542834,1
"736",34.7464809,-92.2895948,5
"737",34.7636336,-91.5983959,1
"738",34.7650887,-87.6986407,1
"739",34.7698021,-84.9702228,2
"740",34.8073641,-87.6800019,1
"741",34.8150907,-92.2243153,1
"742",34.8406339,-85.0427257,2
"743",34.84949,-82.414644,1
"744",34.8526176,-82.3940104,3
"745",34.9031557,-110.1702951,1
"746",34.9159099,-85.1091173,1
"747",34.9418832,-80.9625787,1
"748",34.9592083,-116.419389,8
"749",34.9704419,-78.9453056,1
"750",34.9918587,-90.0022958,1
"751",35.0070935,-80.6745131,2
"752",35.0077519,-97.092877,10
"753",35.024312,-81.0278546,1
"754",35.0305707,-79.1368259,1
"755",35.0354105,-80.809173,1
"756",35.0433333,-106.6129085,2
"757",35.0456297,-85.3096801,3
"758",35.0526641,-78.8783585,2
"759",35.0532981,-89.8442717,1
"760",35.0622085,-85.3070138,1
"761",35.0735833,-79.0556287,1
"762",35.0768141,-80.6692352,1
"763",35.0852159,-78.922838,1
"764",35.0853336,-106.6055534,10
"765",35.0886963,-92.4421011,1
"766",35.099076,-90.0357716,1
"767",35.116467,-89.946107,1
"768",35.1252441,-83.1305436,1
"769",35.1359386,-114.5285981,1
"770",35.142555,-90.024108,1
"771",35.1495343,-90.0489801,7
"772",35.1598391,-89.761545,1
"773",35.20105,-91.8318334,7
"774",35.2058936,-97.4457137,1
"775",35.2219971,-101.8312969,2
"776",35.2225668,-97.4394777,3
"777",35.2270869,-80.8431267,18
"778",35.2327544,-106.6630437,1
"779",35.2827524,-120.6596156,1
"780",35.3137111,-83.1765333,1
"781",35.4054975,-106.1534672,1
"782",35.4087517,-80.579511,2
"783",35.410694,-80.8428504,1
"784",35.4132168,-78.7355728,1
"785",35.4358996,-97.0914163,1
"786",35.4675602,-97.5164276,9
"787",35.4975625,-97.2689212,1
"788",35.51398,-86.4549942,1
"789",35.5174913,-86.5804473,15
"790",35.5265069,-90.3562654,1
"791",35.5489154,-97.5653327,1
"792",35.5550078,-82.5402916,1
"793",35.5642474,-89.6464672,1
"794",35.569306,-80.5817318,2
"795",35.5827035,-77.3629403,1
"796",35.5942137,-105.2227978,2
"797",35.5950581,-82.5514869,7
"798",35.6368759,-120.6545022,1
"799",35.6512655,-78.8336218,1
"800",35.6745227,-90.0998141,1
"801",35.6869752,-105.937799,1
"802",35.7212689,-77.9155395,1
"803",35.7273509,-77.8907839,1
"804",35.732652,-78.8502856,1
"805",35.7500796,51.5255214,1
"806",35.7595731,-79.0192997,32
"807",35.7795897,-78.6381787,9
"808",35.79154,-78.7811169,2
"809",35.842115,-78.809582,1
"810",35.8422967,-90.704279,2
"811",35.8684075,-92.1176521,1
"812",35.894581,-79.9908729,1
"813",35.9006503,-78.6294802,2
"814",35.9046545,-86.7718017,1
"815",35.907757,127.766922,2
"816",35.9131996,-79.0558445,2
"817",35.914581,-79.9719831,1
"818",35.9250637,-86.8688899,2
"819",35.929786,-86.1816572,1
"820",35.935646,-79.217749,2
"821",35.937496,14.375416,2
"822",35.9517674,-95.650814,1
"823",35.9556923,-80.0053176,1
"824",35.9606384,-83.9207392,12
"825",35.9631135,-115.1126525,1
"826",36.0156735,-82.1587351,1
"827",36.0331164,-86.7827772,3
"828",36.0395247,-114.9817213,1
"829",36.0597177,-86.6715948,2
"830",36.060949,-95.7974526,1
"831",36.0625795,-94.1574263,1
"832",36.0726354,-79.7919754,4
"833",36.0772906,-76.6171481,1
"834",36.077375,-115.2980769,1
"835",36.0971945,-115.1466648,1
"836",36.0998596,-80.244216,2
"837",36.1023715,-115.1745559,4
"838",36.1053449,-115.0837073,1
"839",36.1156071,-97.0583681,2
"840",36.1167447,-115.0509497,1
"841",36.1214352,-86.7905834,1
"842",36.122311,-83.492396,1
"843",36.1262663,-115.1693223,1
"844",36.1392026,128.3571429,1
"845",36.1539816,-95.992775,12
"846",36.160624,-115.292002,1
"847",36.1626638,-86.7816016,19
"848",36.162839,-85.5016423,1
"849",36.1699412,-115.1398296,39
"850",36.1755178,-85.5039271,1
"851",36.1867442,-94.1288141,1
"852",36.1988592,-115.1175013,2
"853",36.204824,138.252924,4
"854",36.2068571,-86.6921085,1
"855",36.2082943,-115.9839147,2
"856",36.216795,-81.6745517,1
"857",36.2178566,-84.1546452,1
"858",36.2404158,-80.2933838,1
"859",36.274213,-94.145226,2
"860",36.3020023,-88.3267107,1
"861",36.3047735,-86.6199957,1
"862",36.3192091,-86.7015113,1
"863",36.3274502,-119.6456844,1
"864",36.3302284,-119.2920585,2
"865",36.3308229,-119.2986217,1
"866",36.3415149,-94.0975601,1
"867",36.3728538,-94.2088172,1
"868",36.3865267,-80.4695023,1
"869",36.3955891,-97.8783911,1
"870",36.4578953,-84.2122434,2
"871",36.5053891,-117.0794078,1
"872",36.5270612,-6.2885962,1
"873",36.5297706,-87.3594528,1
"874",36.5768046,-79.8583721,2
"875",36.6002378,-121.8946761,1
"876",36.6061713,-91.3831923,1
"877",36.624394,-119.3137301,1
"878",36.706981,-97.0855948,1
"879",36.7181862,-98.7481167,1
"880",36.7235572,-120.059879,1
"881",36.7282054,-76.5835621,1
"882",36.7434169,-84.1596561,1
"883",36.7468422,-119.7725868,6
"884",36.7473114,-95.9808179,1
"885",36.7677767,3.6067452,1
"886",36.7710787,4.8105955,1
"887",36.778261,-119.4179324,83
"888",36.8252277,-119.7029194,1
"889",36.829083,-76.2999344,1
"890",36.8507689,-76.2858726,5
"891",36.8529263,-75.977985,7
"892",36.8861564,-87.9762226,1
"893",36.9165612,34.8952102,2
"894",36.9685219,-86.4808043,1
"895",36.9914194,35.3308285,2
"896",36.9958839,-85.9119215,1
"897",36.9989773,-109.0451868,1
"898",37.0016659,-101.9074671,1
"899",37.0298687,-76.3452218,1
"900",37.0348912,22.1139479,1
"901",37.0582786,-120.8499151,1
"902",37.0788032,-76.4639307,1
"903",37.0870821,-76.4730122,2
"904",37.09024,-95.712891,303
"905",37.1056784,-80.6853433,1
"906",37.1464475,-94.4630035,1
"907",37.1511655,-88.7319979,1
"908",37.1808125,-82.41712,1
"909",37.2009788,-120.7120023,1
"910",37.2232316,-81.4498717,1
"911",37.2387556,-76.5096731,1
"912",37.2682177,49.5891233,1
"913",37.2703101,-121.7904417,1
"914",37.2709704,-79.9414266,1
"915",37.2826157,-80.0320113,1
"916",37.3021632,-120.4829677,1
"917",37.3058871,-89.9703793,1
"918",37.3382082,-121.8863286,10
"919",37.3477174,-120.609084,1
"920",37.3673217,-77.6077865,1
"921",37.36883,-122.0363496,1
"922",37.3770935,-77.5049863,1
"923",37.3784694,-79.8069828,1
"924",37.3837623,-109.0726022,1
"925",37.3838581,-77.7111121,1
"926",37.3840655,-5.9706902,2
"927",37.3852183,-122.1141298,2
"928",37.3857241,-89.5879751,1
"929",37.3860517,-122.0838511,1
"930",37.387474,-122.0575434,5
"931",37.410829,-122.009265,1
"932",37.4143532,-87.4606977,1
"933",37.4200507,-122.1750657,3
"934",37.4226924,-122.1686033,2
"935",37.4268325,-121.8993657,1
"936",37.4315734,-78.6568942,16
"937",37.4324759,-121.8966543,1
"938",37.4442013,-122.1615759,1
"939",37.4614629,-122.3107517,1
"940",37.5111158,127.098167,1
"941",37.5407246,-77.4360481,11
"942",37.5629917,-122.3255254,5
"943",37.566535,126.9779692,1
"944",37.567388,-84.323034,1
"945",37.5722598,-77.5216301,1
"946",37.5924736,127.3024912,1
"947",37.5949316,-120.9577098,1
"948",37.6126443,-79.6600911,1
"949",37.6138253,-122.4869194,1
"950",37.6390972,-120.9968782,5
"951",37.6439071,-98.7375911,1
"952",37.6576656,-122.0563527,1
"953",37.6624312,-121.8746789,1
"954",37.6688205,-122.0807964,1
"955",37.674008,-80.8892539,1
"956",37.6839644,-76.78292,1
"957",37.6871761,-97.330053,7
"958",37.7136372,-89.2179628,1
"959",37.7230326,-86.7484377,1
"960",37.7394537,-121.1354141,1
"961",37.7478572,-84.2946539,2
"962",37.7544066,-122.4476845,1
"963",37.7636866,-122.4290335,1
"964",37.7656482,-84.319135,1
"965",37.7749295,-122.4194155,35
"966",37.787432,-122.4067188,1
"967",37.7911622,-122.3933093,2
"968",37.8006178,-122.4387125,1
"969",37.8043637,-122.2711137,7
"970",37.8215929,-121.9999606,1
"971",37.8271784,-122.2913078,6
"972",37.8393332,-84.2700179,10
"973",37.8431142,-78.3534145,1
"974",37.8715926,-122.272747,1
"975",37.894025,34.561777,2
"976",37.9022008,-77.0332173,1
"977",37.9463179,23.1210305,1
"978",37.9642529,-91.8318334,9
"979",37.9715592,-87.5710898,1
"980",37.9735346,-122.5310874,1
"981",37.9771452,-122.2952474,1
"982",37.9787116,-122.5342988,1
"983",37.9829496,-120.3821724,1
"984",37.9838096,23.7275388,1
"985",37.9922399,-1.1306544,1
"986",37.9925909,-77.973865,1
"987",38.0049214,-121.805789,1
"988",38.0293059,-78.4766781,2
"989",38.0301356,-79.0336374,1
"990",38.0405837,-84.5037164,7
"991",38.0684692,-78.8894682,2
"992",38.074625,-78.487461,2
"993",38.1097597,-121.1564848,1
"994",38.1503113,-92.6179621,2
"995",38.1511606,-88.9039554,1
"996",38.1960298,-120.6804872,1
"997",38.2081045,-91.1604207,1
"998",38.2382474,-122.040244,1
"999",38.2434389,-85.7336519,1
"1000",38.2526647,-85.7584557,9
"1001",38.2688373,140.8721,2
"1002",38.274835,-122.29217,1
"1003",38.2926613,-77.5132444,1
"1004",38.2975381,-122.286865,1
"1005",38.3450104,-98.2017268,1
"1006",38.3498195,-81.6326234,2
"1007",38.3498221,-77.0559054,1
"1008",38.3606736,-75.5993692,1
"1009",38.4087993,-121.3716178,1
"1010",38.4123775,-82.4270257,1
"1011",38.4334566,-77.4242972,1
"1012",38.4436637,-90.2012239,1
"1013",38.4495688,-78.8689155,2
"1014",38.4770277,-82.6443496,1
"1015",38.5229229,-77.2900787,1
"1016",38.5395564,-75.0551806,2
"1017",38.5449065,-121.7405167,2
"1018",38.5767017,-92.1735164,2
"1019",38.5786494,-121.4913589,2
"1020",38.5815719,-121.4943996,11
"1021",38.5976262,-80.4549026,4
"1022",38.6140337,27.4295624,1
"1023",38.6228551,-90.2563237,1
"1024",38.6270025,-90.1994042,16
"1025",38.6592152,-87.172789,1
"1026",38.6646479,-90.2967055,1
"1027",38.6687929,-120.9871643,1
"1028",38.6857367,-121.082167,1
"1029",38.7071247,-121.2810611,1
"1030",38.708517,-90.439033,1
"1031",38.7134516,-77.7952712,1
"1032",38.720489,35.482597,1
"1033",38.7222524,-9.1393366,2
"1034",38.7317431,-82.9976742,1
"1035",38.7521235,-121.2880059,1
"1036",38.7627893,-93.7360498,1
"1037",38.778356,-81.3733581,1
"1038",38.7849211,-76.8720961,1
"1039",38.7874699,-90.6298922,1
"1040",38.7892801,-77.1872036,1
"1041",38.7965203,-76.8836261,1
"1042",38.8026097,-116.419389,4
"1043",38.8048355,-77.0469214,6
"1044",38.809995,-77.104304,1
"1045",38.8106075,-90.6998477,1
"1046",38.8114364,-89.953157,2
"1047",38.8140024,-76.9455296,1
"1048",38.8315541,-77.3120885,1
"1049",38.8338816,-104.8213634,9
"1050",38.8375215,-120.8958242,5
"1051",38.8412819,-84.5981069,1
"1052",38.8456051,-77.0772403,1
"1053",38.8697668,-94.6818315,1
"1054",38.8779723,-76.8317325,1
"1055",38.8799697,-77.1067698,7
"1056",38.8813958,-94.8191285,1
"1057",38.891565,-121.2930079,1
"1058",38.9012225,-77.2652604,2
"1059",38.9022998,-76.9326167,1
"1060",38.9071923,-77.0368707,95
"1061",38.9108325,-75.5276699,9
"1062",38.9277072,-94.5672342,2
"1063",38.9292782,-76.8616387,1
"1064",38.9314263,-78.4617723,1
"1065",38.935011,-94.757529,1
"1066",38.9517053,-92.3340724,1
"1067",38.9586307,-77.3570028,3
"1068",38.9592201,-85.8902547,1
"1069",38.9641178,-84.4279839,1
"1070",38.9695545,-77.3860976,1
"1071",38.9716689,-95.2352501,2
"1072",38.9784453,-76.4921829,2
"1073",38.984652,-77.0947092,3
"1074",38.9869183,-76.9425543,1
"1075",38.9900897,-83.5393217,1
"1076",38.9906657,-77.026088,1
"1077",38.9916726,-94.6335684,1
"1078",38.9938084,-74.8175423,1
"1079",38.9944091,-1.8585446,1
"1080",39.0066993,-77.4291298,2
"1081",39.011902,-98.4842465,1
"1082",39.0169509,-94.2816148,1
"1083",39.02756,-84.7241133,1
"1084",39.0457549,-76.6412712,23
"1085",39.0558235,-95.6890185,1
"1086",39.06498,-87.184273,1
"1087",39.090891,-84.8499504,1
"1088",39.0997265,-94.5785667,6
"1089",39.1031182,-84.5120196,10
"1090",39.11093,-84.481876,1
"1091",39.1156615,-77.5636015,2
"1092",39.1459392,-77.4169311,1
"1093",39.1544527,-84.6693469,1
"1094",39.158168,-75.5243682,1
"1095",39.165325,-86.5263857,2
"1096",39.166263,-76.8432663,1
"1097",39.1836082,-96.5716694,1
"1098",39.2037144,-76.8610462,1
"1099",39.2252087,-106.0036827,1
"1100",39.2750153,-76.6358333,1
"1101",39.2783568,-76.6142995,1
"1102",39.2883141,-94.5438524,1
"1103",39.2903848,-76.6121893,16
"1104",39.2998339,-75.6046494,1
"1105",39.3209801,-111.0937311,6
"1106",39.327962,-120.1832533,1
"1107",39.3280397,-76.7573416,2
"1108",39.3615792,-94.9201422,1
"1109",39.3822537,-74.6166192,2
"1110",39.3898388,-74.5240422,1
"1111",39.398207,-76.543127,1
"1112",39.3995008,-84.5613355,3
"1113",39.399872,-8.224454,2
"1114",39.4014955,-76.6019125,1
"1115",39.4142688,-77.4105409,1
"1116",39.4300996,-77.8041609,2
"1117",39.440463,-84.5222189,1
"1118",39.4409277,-78.9739156,1
"1119",39.4453393,-83.8285375,1
"1120",39.4523385,-74.7276626,1
"1121",39.4748693,-118.7770407,1
"1122",39.4790062,-8.540103,1
"1123",39.4850848,-80.1425781,4
"1124",39.5069974,-84.745231,2
"1125",39.5186002,-104.7613633,1
"1126",39.5296329,-119.8138027,4
"1127",39.531825,-107.784341,1
"1128",39.5364511,-83.4390843,1
"1129",39.5405277,-105.0399218,1
"1130",39.5500507,-105.7820674,4
"1131",39.5579746,-119.7907679,1
"1132",39.5592848,-74.2431962,1
"1133",39.5753791,-76.9958149,1
"1134",39.5807452,-104.8771726,1
"1135",39.5994095,-110.8107148,1
"1136",39.6047915,-82.2115368,1
"1137",39.613321,-105.0166498,1
"1138",39.6136578,-86.1066526,1
"1139",39.629526,-79.9558968,1
"1140",39.6317063,-79.931778,1
"1141",39.6333213,-105.3172146,1
"1142",39.6581424,-78.928357,1
"1143",39.7111989,-75.4701443,1
"1144",39.7172152,-74.9697707,1
"1145",39.7284944,-121.8374777,4
"1146",39.7294319,-104.8319195,2
"1147",39.7390721,-75.5397878,1
"1148",39.7392358,-104.990251,35
"1149",39.7439145,-105.0200607,1
"1150",39.7506049,-76.2269212,1
"1151",39.7507596,-105.0010535,1
"1152",39.755543,-105.2210997,1
"1153",39.7589478,-84.1916069,1
"1154",39.7596061,-121.6219177,2
"1155",39.7599117,-104.9943814,1
"1156",39.7609682,-76.0425875,1
"1157",39.7674578,-94.846681,1
"1158",39.768403,-86.158068,15
"1159",39.775741,-86.153722,2
"1160",39.7803581,-86.0427626,1
"1161",39.7817213,-89.6501481,1
"1162",39.785043,-85.7694226,1
"1163",39.8064486,-83.886874,1
"1164",39.8433769,-86.3977735,6
"1165",39.849557,-75.3557457,1
"1166",39.8675693,-104.8730088,1
"1167",39.8680412,-104.9719243,1
"1168",39.8743959,-75.2424229,1
"1169",39.8773356,-75.0646165,1
"1170",39.8784465,-75.0926738,1
"1171",39.8907544,-75.1242944,2
"1172",39.8967425,-79.9744992,1
"1173",39.9044354,-75.1020593,1
"1174",39.9105176,-75.0497448,1
"1175",39.9145974,-75.0640147,1
"1176",39.9259463,-75.1196199,2
"1177",39.926813,-75.0246312,1
"1178",39.9403453,-82.0131924,1
"1179",39.9470567,-75.2921301,3
"1180",39.9492927,-75.1661668,1
"1181",39.9525839,-75.1652215,62
"1182",39.9527634,-105.1685977,1
"1183",39.9562052,-75.058009,2
"1184",39.957902,-75.3076883,1
"1185",39.9594013,-75.9168482,2
"1186",39.9611552,-75.16278,1
"1187",39.9611755,-82.9987942,15
"1188",39.9613759,-105.5108312,2
"1189",39.9625984,-76.727745,4
"1190",39.9649391,-75.2769154,1
"1191",39.9678269,-84.709124,1
"1192",39.9709071,-80.7506399,1
"1193",39.9796808,-75.1659155,1
"1194",39.9900049,-76.284659,2
"1195",39.9935959,-105.0897058,1
"1196",39.997373,-75.127536,1
"1197",39.9975414,-85.7466439,1
"1198",40.0149856,-105.2705456,5
"1199",40.0362184,-75.5138118,1
"1200",40.0378755,-76.3055144,4
"1201",40.0386083,-75.1566429,1
"1202",40.0581205,-82.4012642,1
"1203",40.0583238,-74.4056612,47
"1204",40.0678243,-81.0119697,1
"1205",40.0707887,-75.4268251,1
"1206",40.0727889,-74.7206894,1
"1207",40.0792766,-75.3015714,2
"1208",40.082129,-74.2097014,1
"1209",40.0884128,22.3585552,1
"1210",40.1053196,-85.6802541,1
"1211",40.1105875,-88.2072697,3
"1212",40.114955,-111.654923,1
"1213",40.1164204,-88.2433829,3
"1214",40.1280843,-83.6747674,1
"1215",40.1284776,-83.9592771,2
"1216",40.1303822,-75.5149128,1
"1217",40.1447732,-84.2424449,2
"1218",40.1578402,-83.0751869,3
"1219",40.1579568,-76.9881939,2
"1220",40.1672068,-105.1019275,2
"1221",40.1705526,-75.3964688,1
"1222",40.1794309,29.0227159,1
"1223",40.1856597,-75.451571,1
"1224",40.1933767,-85.3863599,1
"1225",40.1959936,-83.0993838,1
"1226",40.1998777,-122.2011075,2
"1227",40.2091219,-74.0386271,1
"1228",40.2142565,-77.0085876,1
"1229",40.2290075,-75.3878525,2
"1230",40.2338438,-111.6585337,1
"1231",40.2344926,-84.409394,1
"1232",40.2364486,-83.3671432,1
"1233",40.2431921,-74.0412485,1
"1234",40.2599864,-74.7909125,1
"1235",40.2608574,23.2215193,1
"1236",40.2613515,-74.023593,1
"1237",40.2671941,-86.1349019,17
"1238",40.2691421,-74.7774394,1
"1239",40.2731911,-76.8867008,5
"1240",40.2983262,-74.618634,1
"1241",40.3016911,-79.8919811,1
"1242",40.3078702,-75.9654896,1
"1243",40.309973,-74.146911,1
"1244",40.3267407,-78.9219698,1
"1245",40.336419,-74.4330474,1
"1246",40.3369272,-104.9121967,1
"1247",40.3572976,-74.6672226,1
"1248",40.3763701,-104.6921874,1
"1249",40.409337,-3.7175684,1
"1250",40.4107964,-75.2479061,4
"1251",40.4128551,-74.307282,1
"1252",40.4162883,-3.7033725,5
"1253",40.4167022,-86.8752869,2
"1254",40.4167515,-3.7038322,1
"1255",40.4167754,-3.7037902,2
"1256",40.4172871,-82.907123,32
"1257",40.418712,-3.70835,1
"1258",40.4233142,-104.7091322,1
"1259",40.4258686,-86.9080655,2
"1260",40.4405855,-74.4173445,1
"1261",40.4406248,-79.9958864,23
"1262",40.4467648,-80.0157603,1
"1263",40.4532846,-112.3615388,1
"1264",40.463667,-3.74922,6
"1265",40.4774818,-104.9013617,1
"1266",40.4838849,-81.5669535,1
"1267",40.4847959,-78.0102813,1
"1268",40.48593,-79.873137,1
"1269",40.486427,-86.1336033,2
"1270",40.4896711,-111.9388244,1
"1271",40.5123258,-74.8593318,1
"1272",40.5171517,72.7637898,1
"1273",40.5187154,-74.4120953,1
"1274",40.5649781,-111.8389726,1
"1275",40.5664755,-105.0988763,1
"1276",40.572603,-74.4926541,1
"1277",40.5753817,-74.3223703,2
"1278",40.5795317,-74.1502007,9
"1279",40.5852602,-105.084423,2
"1280",40.5902201,-74.6088397,2
"1281",40.600449,-74.5595195,1
"1282",40.6010681,-75.4751457,1
"1283",40.6014873,-75.3951808,1
"1284",40.6041777,-74.2824862,1
"1285",40.6081591,-74.2776468,3
"1286",40.6084305,-75.4901833,1
"1287",40.6186756,-80.5772928,1
"1288",40.6210616,-111.5932552,1
"1289",40.6214551,-79.1525349,1
"1290",40.6259316,-75.3704579,1
"1291",40.6320482,-73.7126314,2
"1292",40.6331249,-89.3985283,11
"1293",40.634449,-104.3272043,1
"1294",40.6416588,-74.1008256,1
"1295",40.6527292,-74.2592769,1
"1296",40.6781784,-73.9441579,33
"1297",40.6800962,-75.5299066,1
"1298",40.6817088,-73.879796,1
"1299",40.688432,-75.2207323,1
"1300",40.6895314,-74.1744624,1
"1301",40.6958996,-80.0117254,2
"1302",40.6960105,-73.9932872,1
"1303",40.7008528,-74.0887576,1
"1304",40.7031434,-73.9332253,1
"1305",40.7047178,-74.0059883,1
"1306",40.7095295,-73.7206,1
"1307",40.7127837,-74.0059413,234
"1308",40.7157509,-73.9970307,1
"1309",40.719283,-73.955995,1
"1310",40.719393,-74.0018987,1
"1311",40.7217338,-74.0675758,2
"1312",40.7228025,-73.9946875,1
"1313",40.7245032,-81.5220653,1
"1314",40.7250986,-73.2453946,1
"1315",40.7263542,-73.9865533,1
"1316",40.7264773,-73.9815337,1
"1317",40.7267682,-73.6342954,1
"1318",40.7281575,-74.0776417,3
"1319",40.7282239,-73.7948516,7
"1320",40.7317696,-73.9841161,1
"1321",40.7422303,-73.9982715,1
"1322",40.742551,-84.1052256,1
"1323",40.743082,-73.984911,1
"1324",40.7439905,-74.0323626,1
"1325",40.746561,-73.952479,1
"1326",40.7492284,-73.9987409,1
"1327",40.7520097,-80.3192295,1
"1328",40.7544843,-86.3566659,1
"1329",40.755182,-73.935989,1
"1330",40.7567217,-73.9867329,3
"1331",40.7572352,-73.9829762,1
"1332",40.7574681,-73.9776713,1
"1333",40.7577029,-73.9723758,1
"1334",40.75839,-82.5154471,1
"1335",40.7593941,-73.9697795,1
"1336",40.7607793,-111.8910474,8
"1337",40.7617895,-73.9800317,1
"1338",40.7638835,-2.8511476,2
"1339",40.7667389,-95.3761506,1
"1340",40.7684141,-73.9827037,1
"1341",40.7684331,-73.5251253,1
"1342",40.7684342,-74.1454214,1
"1343",40.7712286,-73.9672226,1
"1344",40.7721673,-73.9875806,1
"1345",40.7769271,-73.8739659,1
"1346",40.7778151,-89.9665017,1
"1347",40.7783828,-73.9783532,1
"1348",40.7830603,-73.9712488,13
"1349",40.7868269,-77.8571306,1
"1350",40.789142,-73.134961,10
"1351",40.790429,-74.2330039,1
"1352",40.7933949,-77.8600012,1
"1353",40.7967244,-81.5215093,1
"1354",40.7982133,-77.8599084,1
"1355",40.7982189,-74.480313,1
"1356",40.7992662,-74.8137768,1
"1357",40.8091068,-73.9228881,1
"1358",40.8115504,-73.9464769,1
"1359",40.816453,-79.5219893,1
"1360",40.8257625,-96.6851982,4
"1361",40.8259007,-74.2090053,2
"1362",40.8325455,-77.8081467,1
"1363",40.8417082,-73.9393554,1
"1364",40.842336,-73.9304396,1
"1365",40.8428759,-73.2928943,1
"1366",40.8447819,-73.8648268,3
"1367",40.8517746,14.2681244,1
"1368",40.8737096,-72.807879,1
"1369",40.8762106,-74.0298621,1
"1370",40.8778768,-74.5937701,2
"1371",40.8867074,-96.8744532,1
"1372",40.8932469,-74.0116536,2
"1373",40.9262762,-74.07701,1
"1374",40.9367195,-83.8224376,1
"1375",40.9381544,-73.8320784,1
"1376",40.9443161,-122.4247355,1
"1377",40.9453476,-83.3872613,1
"1378",40.9470432,-73.0295495,1
"1379",40.9525551,-83.3824238,1
"1380",40.9595605,-73.8095574,1
"1381",40.9628758,-74.1329207,1
"1382",40.988638,-80.669882,1
"1383",41.0036719,-80.347009,1
"1384",41.006592,-74.247638,1
"1385",41.0072779,-81.5270617,1
"1386",41.0082376,28.9783589,2
"1387",41.0095316,-74.1729106,1
"1388",41.0300078,-92.811307,1
"1389",41.0339862,-73.7629097,1
"1390",41.0534302,-73.5387341,2
"1391",41.0716929,-77.5972145,1
"1392",41.079273,-85.1393513,3
"1393",41.0794652,-81.5286702,1
"1394",41.0814447,-81.5190053,2
"1395",41.0854362,14.367553,1
"1396",41.0997803,-80.6495194,1
"1397",41.117744,-73.4081575,2
"1398",41.1220194,-73.7948516,2
"1399",41.1220337,-75.3646282,1
"1400",41.132834,-81.617102,1
"1401",41.1402759,-100.7601454,2
"1402",41.143051,-73.992165,1
"1403",41.1536674,-81.3578859,3
"1404",41.1543623,-95.9145568,1
"1405",41.1821474,-76.6413807,1
"1406",41.1865478,-73.1951767,1
"1407",41.1947018,-74.4937943,1
"1408",41.2020171,-77.2644152,1
"1409",41.2033216,-77.1945247,29
"1410",41.2106927,-94.0325544,1
"1411",41.2232245,-85.0109091,1
"1412",41.2362191,-73.7008551,1
"1413",41.2381965,-96.0138076,1
"1414",41.2475277,-96.113882,1
"1415",41.2523634,-95.9979883,4
"1416",41.2712056,-73.2966405,1
"1417",41.2736647,-82.8415763,1
"1418",41.2840635,-73.4975412,1
"1419",41.3045399,-73.392898,1
"1420",41.308274,-72.9278835,1
"1421",41.3329867,21.5393309,1
"1422",41.3529997,-83.1584429,1
"1423",41.3542656,-71.966462,1
"1424",41.3661614,-81.8543026,1
"1425",41.3747744,-83.6513229,3
"1426",41.3850639,2.1734035,1
"1427",41.4119963,-83.8643852,1
"1428",41.4141172,-73.3035651,1
"1429",41.419219,-83.7407702,1
"1430",41.4219889,-82.3646068,2
"1431",41.4489396,-82.7079605,2
"1432",41.4553232,-81.9179173,1
"1433",41.4570108,-72.8230736,2
"1434",41.4739419,-81.5370671,1
"1435",41.4759224,-75.1821189,1
"1436",41.4761621,-83.2957584,1
"1437",41.4804483,-87.0304298,1
"1438",41.485921,-73.0506972,1
"1439",41.4901024,-71.3128285,2
"1440",41.4924631,-81.6528219,1
"1441",41.4925374,-99.9018131,2
"1442",41.4987043,-74.5584936,1
"1443",41.49932,-81.6943605,22
"1444",41.4995137,-81.6904275,1
"1445",41.5000366,-81.6861122,1
"1446",41.5023192,-72.9787163,1
"1447",41.5083668,-72.9106202,1
"1448",41.5089515,-81.611614,1
"1449",41.5094771,-90.5787476,2
"1450",41.5157622,-74.8309248,1
"1451",41.519637,-81.477155,1
"1452",41.5226257,-72.0883141,2
"1453",41.5242649,-72.0759105,1
"1454",41.525031,-88.0817251,1
"1455",41.5331066,-81.5790137,1
"1456",41.5427895,-87.5090475,1
"1457",41.5572567,-87.6656014,1
"1458",41.5581525,-73.0514965,1
"1459",41.5697897,-87.2759687,1
"1460",41.5700183,-71.0735476,1
"1461",41.5770433,-73.4085463,1
"1462",41.5772115,-93.711332,2
"1463",41.5800945,-71.4774291,6
"1464",41.581942,-87.561935,1
"1465",41.5833688,-87.5000412,1
"1466",41.5934302,-73.0853867,2
"1467",41.5964869,-72.8776013,1
"1468",41.6000317,-87.9381112,1
"1469",41.6002842,-73.9202391,1
"1470",41.6005448,-93.6091064,2
"1471",41.6023196,-72.9867718,4
"1472",41.6032207,-73.087749,19
"1473",41.6105937,-87.0641992,1
"1474",41.632223,-88.2120315,1
"1475",41.6430472,-95.7891614,1
"1476",41.6488696,-0.8897421,1
"1477",41.649349,-80.1449494,1
"1478",41.6552418,12.989615,2
"1479",41.6558582,-70.9239808,1
"1480",41.6611277,-91.5301683,1
"1481",41.6619927,-86.1586156,2
"1482",41.6639383,-83.555212,2
"1483",41.6661573,-81.339552,1
"1484",41.668221,-91.531097,1
"1485",41.671361,-70.294914,1
"1486",41.6717648,-72.9492703,6
"1487",41.6763545,-86.2519898,2
"1488",41.6781533,-73.0109393,1
"1489",41.6819935,-85.9766671,1
"1490",41.690221,-85.925902,1
"1491",41.6915997,-73.8183804,1
"1492",41.6986416,-88.0683955,1
"1493",41.7014912,-71.1550451,1
"1494",41.7055716,-86.2353388,2
"1495",41.7205889,-87.7017175,1
"1496",41.730585,-88.3459048,1
"1497",41.7317884,-93.6001278,1
"1498",41.7360305,-72.795027,1
"1499",41.7369803,-111.8338359,2
"1500",41.7434092,-92.7232456,1
"1501",41.7435073,-88.0118473,2
"1502",41.7605849,-88.3200715,1
"1503",41.7620842,-72.7420151,1
"1504",41.7759301,-72.5215009,2
"1505",41.7798226,-71.4372796,1
"1506",41.7850937,-73.6940175,1
"1507",41.7855837,2.3912362,1
"1508",41.794295,-87.590701,1
"1509",41.8084314,-72.2495231,1
"1510",41.808434,-71.3369972,1
"1511",41.8205199,-71.512617,1
"1512",41.8239891,-71.4128343,2
"1513",41.8456181,-71.8853473,1
"1514",41.8459347,-71.0828222,1
"1515",41.8489872,-72.5717551,1
"1516",41.8586493,-74.3118212,1
"1517",41.87194,12.56738,7
"1518",41.8780025,-93.097702,10
"1519",41.8781136,-87.6297982,89
"1520",41.8847507,-88.2039607,1
"1521",41.8873607,-87.6184065,2
"1522",41.8897519,-87.9889543,1
"1523",41.8964964,-87.6358573,1
"1524",41.902916,12.453389,1
"1525",41.9031863,-87.63369,1
"1526",41.909611,-87.771964,2
"1527",41.9209018,-73.9612887,1
"1528",41.9214378,-87.6513043,1
"1529",41.9272234,-85.0235722,1
"1530",41.9323626,-87.8589213,1
"1531",41.9362687,-87.6979967,1
"1532",41.9508915,-87.6827676,1
"1533",41.9584457,-70.6672621,1
"1534",41.9778795,-91.6656232,1
"1535",41.9847504,-88.0797933,1
"1536",41.9915062,-72.7017741,1
"1537",41.9932752,-70.7284785,1
"1538",42.0103519,-76.5271659,1
"1539",42.0189191,-87.8028402,1
"1540",42.0236421,-91.6281516,2
"1541",42.0307812,-93.6319131,1
"1542",42.0333623,-87.8833991,2
"1543",42.0334565,-71.2190578,2
"1544",42.0450722,-87.6876969,1
"1545",42.050803,-87.685136,1
"1546",42.0587449,-71.243109,1
"1547",42.0653812,-71.2478251,5
"1548",42.0695391,-72.6148117,1
"1549",42.0751065,-72.0333905,1
"1550",42.0834335,-71.0183787,1
"1551",42.0938577,-86.4895463,1
"1552",42.0948613,-71.4094396,1
"1553",42.0978361,-88.2774813,1
"1554",42.0986867,-75.9179738,3
"1555",42.1013779,-83.1086977,1
"1556",42.1014831,-72.589811,3
"1557",42.1167606,-71.8647577,1
"1558",42.1200456,-85.532775,1
"1559",42.1250929,-72.749538,1
"1560",42.1292241,-80.085059,6
"1561",42.1332808,-88.1974148,1
"1562",42.1503177,-84.037723,1
"1563",42.1536301,-72.5466486,1
"1564",42.1959798,-73.362008,1
"1565",42.2009274,-75.795284,1
"1566",42.2018733,-87.8103862,1
"1567",42.2126013,-70.7583751,1
"1568",42.224867,-121.7816704,1
"1569",42.2271555,-83.2318153,1
"1570",42.2393323,-87.9653565,2
"1571",42.2505943,-83.1785361,1
"1572",42.2528772,-71.0022705,1
"1573",42.2711311,-89.0939952,1
"1574",42.2797554,-71.1626756,1
"1575",42.2808256,-83.7430378,6
"1576",42.2917069,-85.5872286,5
"1577",42.305362,-83.0916748,1
"1578",42.3076841,-83.0684682,1
"1579",42.3149367,-83.0363633,2
"1580",42.317749,-83.039486,1
"1581",42.324204,-83.400211,1
"1582",42.3265152,-122.8755949,1
"1583",42.331427,-83.0457538,17
"1584",42.3381437,-71.0475773,1
"1585",42.3409663,-71.1067802,1
"1586",42.3428653,-71.1002881,1
"1587",42.3459271,-71.5522874,2
"1588",42.3466029,-71.0971345,1
"1589",42.3564609,-73.2848762,1
"1590",42.3600825,-71.0588801,23
"1591",42.362169,-71.057579,1
"1592",42.3625953,-71.3614484,2
"1593",42.3635628,-71.0550616,1
"1594",42.364795,-83.2312047,2
"1595",42.3688067,-83.0753548,1
"1596",42.3702137,-71.0388601,1
"1597",42.3702996,-87.9020186,1
"1598",42.3709299,-71.1828321,1
"1599",42.3782065,-71.0602131,3
"1600",42.3875968,-71.0994968,1
"1601",42.3911569,-72.5267121,1
"1602",42.391736,-71.566139,1
"1603",42.4072107,-71.3824374,9
"1604",42.4196947,-71.1093959,1
"1605",42.4248623,-123.3281195,1
"1606",42.430834,-83.179917,2
"1607",42.43472,-83.985,3
"1608",42.453317,-83.1289583,1
"1609",42.4683698,-82.9554746,1
"1610",42.48059,-83.4754913,1
"1611",42.4976217,-73.7308958,1
"1612",42.4999942,-96.4003069,1
"1613",42.5083482,-89.0317765,1
"1614",42.5183938,-123.4202831,1
"1615",42.5218629,-70.8930886,1
"1616",42.5278731,-70.9286609,1
"1617",42.5475383,-71.2785583,1
"1618",42.5829234,-87.9264566,1
"1619",42.6011813,-76.1804843,1
"1620",42.6026359,20.902977,1
"1621",42.6064095,-83.1497751,2
"1622",42.6195236,-71.3102482,1
"1623",42.6334247,-71.3161718,1
"1624",42.6373008,-77.5960019,1
"1625",42.6525793,-73.7562317,5
"1626",42.6659232,-71.5884363,1
"1627",42.6679384,-83.2081921,1
"1628",42.6766696,-71.4244224,1
"1629",42.6780726,-88.2762026,1
"1630",42.6799443,-82.7989464,1
"1631",42.680588,-83.1338214,1
"1632",42.6875323,-83.2341028,1
"1633",42.7167654,-78.8289727,1
"1634",42.7178558,-73.8334554,1
"1635",42.7189397,-84.4956793,1
"1636",42.732535,-84.5555347,1
"1637",42.7561109,-83.1434573,1
"1638",42.76781,-84.570447,1
"1639",42.7844752,-83.2396612,2
"1640",42.7870209,-73.9709583,1
"1641",42.7941567,-96.1655778,1
"1642",42.802808,-83.0129874,1
"1643",42.8264205,-84.2194127,1
"1644",42.844668,-73.8183804,1
"1645",42.866632,-106.313081,2
"1646",42.8679836,-76.985557,1
"1647",42.8864468,-78.8783689,11
"1648",42.887316,-72.536259,1
"1649",42.90473,-78.737804,1
"1650",42.9485835,-95.0119338,1
"1651",42.9633599,-85.6680863,5
"1652",42.9708634,-82.4249142,1
"1653",42.9728894,-71.4630712,1
"1654",42.97471,-96.3183585,1
"1655",42.9790067,-78.792272,1
"1656",42.9849233,-81.2452768,5
"1657",42.9921579,-79.2482555,2
"1658",42.9956397,-71.4547891,1
"1659",43.0009086,-73.8490111,1
"1660",43.0116784,-88.2314813,1
"1661",43.0125274,-83.6874562,4
"1662",43.014176,-88.4725983,2
"1663",43.0389025,-87.9064736,10
"1664",43.0391534,-76.1351158,1
"1665",43.0405846,-87.9196785,7
"1666",43.0481221,-76.1474244,4
"1667",43.0581645,-79.2902133,3
"1668",43.0730517,-89.4012302,2
"1669",43.074868,-89.5031045,1
"1670",43.0759678,-107.2902839,1
"1671",43.0831301,-73.7845651,1
"1672",43.084462,-86.2203313,1
"1673",43.0895577,-79.0849436,1
"1674",43.0962143,-79.0377388,3
"1675",43.0964478,-78.3908559,1
"1676",43.0986742,-77.4419378,1
"1677",43.119659,-87.9815946,2
"1678",43.1240448,-89.3499345,1
"1679",43.1314966,-80.7471651,1
"1680",43.149241,-77.6635537,1
"1681",43.1593745,-79.2468626,1
"1682",43.16103,-77.6109219,7
"1683",43.1696275,-77.6273857,1
"1684",43.1775256,-83.7341274,1
"1685",43.1800734,-73.7442863,1
"1686",43.1938516,-71.5723953,12
"1687",43.214231,-77.438898,1
"1688",43.2203266,142.8634737,1
"1689",43.2272182,-79.7195586,1
"1690",43.2341813,-86.2483921,1
"1691",43.2557206,-79.8711024,4
"1692",43.2994285,-74.2179326,1
"1693",43.3033056,-91.7857092,1
"1694",43.3177794,-88.3789862,1
"1695",43.3222329,-70.5805209,1
"1696",43.3255196,-79.7990319,2
"1697",43.3613953,-5.8593267,1
"1698",43.3649533,-8.4054431,1
"1699",43.3700007,-80.9822286,1
"1700",43.4113604,-106.2800242,6
"1701",43.4252776,-88.1834277,1
"1702",43.450301,-80.4831917,3
"1703",43.4546962,-71.5658233,1
"1704",43.4836801,-75.3365607,1
"1705",43.4916514,-112.0339645,2
"1706",43.4925843,-70.4533844,1
"1707",43.5201692,-96.7312864,1
"1708",43.5290579,-91.1462982,1
"1709",43.5445959,-96.7311034,1
"1710",43.5536938,-71.0288751,1
"1711",43.5890452,-79.6441198,2
"1712",43.5911499,-71.7367162,1
"1713",43.5944677,-83.8888647,2
"1714",43.5978075,-84.7675139,2
"1715",43.598799,-84.8567932,1
"1716",43.6187102,-116.2146068,8
"1717",43.6221108,-116.2381744,1
"1718",43.653226,-79.3831843,65
"1719",43.6629384,-116.6873596,1
"1720",43.666095,-79.414193,1
"1721",43.7104819,-92.7021132,1
"1722",43.7315479,-79.7624177,1
"1723",43.7355927,-70.5509356,1
"1724",43.7758018,-80.0687097,1
"1725",43.7844397,-88.7878678,8
"1726",43.8041334,-120.5542012,8
"1727",43.8079675,-79.4591378,1
"1728",43.812819,-79.529321,1
"1729",43.8169837,-79.532157,13
"1730",43.8205295,-72.5213419,1
"1731",43.8516258,10.2712297,1
"1732",43.8561002,-79.3370188,1
"1733",43.8844092,-91.2351393,1
"1734",43.913685,6.289287,1
"1735",43.930287,-70.309686,1
"1736",43.9441328,-90.8129118,1
"1737",43.9595513,10.2286323,1
"1738",43.9653889,-70.8226541,16
"1739",43.9695148,-99.9018131,4
"1740",44.0121221,-92.4801989,4
"1741",44.0144936,6.2116438,1
"1742",44.016521,21.005859,2
"1743",44.0247062,-88.5426136,1
"1744",44.045722,-123.091631,2
"1745",44.0520691,-123.0867536,1
"1746",44.059187,-79.461256,1
"1747",44.0682019,-114.7420408,2
"1748",44.0805434,-103.2310149,1
"1749",44.0855572,-93.2259349,1
"1750",44.0878764,-87.6595231,1
"1751",44.1627589,-77.3832315,1
"1752",44.1858193,-88.462609,1
"1753",44.2311717,-76.4859544,1
"1754",44.2726203,-121.1739212,1
"1755",44.309058,-78.319747,1
"1756",44.3113573,-96.7983877,1
"1757",44.3144394,-94.4593018,1
"1758",44.3148443,-85.6023643,47
"1759",44.3893556,-79.6903316,1
"1760",44.4056499,8.946256,1
"1761",44.4469639,-69.7395933,1
"1762",44.4488805,-88.0603806,2
"1763",44.4669941,-73.1709604,2
"1764",44.4758825,-73.212072,1
"1765",44.519159,-88.019826,5
"1766",44.5198149,-88.0191182,2
"1767",44.5235792,-89.574563,1
"1768",44.5315467,-78.5264765,1
"1769",44.5588028,-72.5778415,3
"1770",44.5623531,-88.0803051,1
"1771",44.5690305,-80.9405602,1
"1772",44.5801566,-123.2753839,1
"1773",44.6487635,-63.5752387,2
"1774",44.6722157,-88.2426025,1
"1775",44.786568,20.4489216,1
"1776",44.7893446,-93.6018389,1
"1777",44.7966,-91.506,1
"1778",44.811349,-91.4984941,1
"1779",44.8180687,-63.6120724,1
"1780",44.8269727,-69.875795,1
"1781",44.8492361,-93.1528692,1
"1782",44.8546856,-93.470786,1
"1783",44.8755183,-91.9193422,1
"1784",44.891446,-117.970262,1
"1785",44.9032963,-93.5663455,2
"1786",44.9374831,-93.2009998,2
"1787",44.9522896,-93.2991931,1
"1788",44.9537029,-93.0899578,8
"1789",44.977753,-93.2650108,24
"1790",44.9804106,-93.2719782,1
"1791",45.070312,7.6868565,1
"1792",45.1732394,-93.3030063,1
"1793",45.1977428,-93.3871758,1
"1794",45.253783,-69.4454689,13
"1795",45.2733153,-66.0633081,2
"1796",45.298156,5.637517,1
"1797",45.2998418,-122.7737062,1
"1798",45.3090511,-89.4965979,1
"1799",45.3292832,-93.2197005,1
"1800",45.3341466,-94.525958,1
"1801",45.3491133,-111.7318796,1
"1802",45.368614,-110.7349943,1
"1803",45.3936545,-93.8765076,1
"1804",45.3983406,-71.9160672,1
"1805",45.4215296,-75.6971931,12
"1806",45.4228499,-122.713607,1
"1807",45.4605229,-123.9695657,1
"1808",45.4638166,-73.5887308,1
"1809",45.4646985,-98.4864829,1
"1810",45.4654219,9.1859243,3
"1811",45.4809111,-122.8251243,1
"1812",45.5046235,-122.6343809,1
"1813",45.5230622,-122.6764816,8
"1814",45.5306402,10.0171485,1
"1815",45.569965,-93.5816278,1
"1816",45.6769979,-111.0429339,1
"1817",45.7659345,21.2570307,1
"1818",45.7713461,-87.9948467,1
"1819",45.7832856,-108.5006904,1
"1820",45.8080597,9.0851765,1
"1821",45.8266513,-77.1108826,1
"1822",45.928578,2.139998,1
"1823",45.9326346,-118.3877435,1
"1824",45.943161,24.96676,1
"1825",45.974783,-123.94241,1
"1826",46.0038232,-112.5347776,1
"1827",46.0878165,-64.7782313,1
"1828",46.0960948,9.9052156,1
"1829",46.1650664,-62.6480207,1
"1830",46.227638,2.213749,5
"1831",46.2349999,-119.2233014,1
"1832",46.2395793,-119.1005657,2
"1833",46.2814568,-94.0723226,1
"1834",46.2856907,-119.2844621,1
"1835",46.2948812,-90.9826396,1
"1836",46.3456211,-124.0612767,1
"1837",46.3466877,-122.5207721,1
"1838",46.411286,-117.025932,1
"1839",46.4676398,-84.3685144,1
"1840",46.5180824,-123.8264512,3
"1841",46.521858,-84.3460896,1
"1842",46.522099,-80.9530353,1
"1843",46.5295517,-122.4851112,1
"1844",46.557929,-87.403445,1
"1845",46.5816732,-85.1578689,1
"1846",46.7162136,-122.9542972,1
"1847",46.729553,-94.6858998,17
"1848",46.7866719,-92.1004852,2
"1849",46.862496,103.846656,1
"1850",46.8737648,-96.7678039,1
"1851",46.8771863,-96.7898034,3
"1852",46.8787176,-113.996586,2
"1853",46.8796822,-110.3625658,1
"1854",46.9105438,-98.7084357,1
"1855",46.9267016,8.3849982,1
"1856",46.9965144,-120.5478474,1
"1857",47.0042643,-122.539846,1
"1858",47.0378741,-122.9006951,2
"1859",47.103988,-122.4345661,1
"1860",47.1296346,10.2681786,1
"1861",47.162494,19.503304,1
"1862",47.1775435,-67.9562642,2
"1863",47.1853785,-122.2928974,1
"1864",47.23757,-122.434574,1
"1865",47.3073228,-122.2284532,1
"1866",47.3135849,-122.177741,1
"1867",47.3876664,8.2554295,1
"1868",47.4025802,-92.484777,1
"1869",47.4941836,-111.2833449,1
"1870",47.505175,-111.3050059,1
"1871",47.527871,-122.354745,1
"1872",47.5300986,-122.3662376,1
"1873",47.5482796,-122.352215,1
"1874",47.5514926,-101.0020119,1
"1875",47.5595986,7.5885761,1
"1876",47.5650067,-122.6269768,1
"1877",47.6025001,-122.3385759,1
"1878",47.6062095,-122.3320708,10
"1879",47.6101497,-122.2015159,1
"1880",47.65042,-117.2801001,1
"1881",47.6553351,-122.3035199,1
"1882",47.6587802,-117.4260466,1
"1883",47.6600238,-122.290498,1
"1884",47.6609221,-122.3357088,2
"1885",47.67648,-116.796398,1
"1886",47.6776832,-116.7804664,1
"1887",47.6797182,-122.3256608,2
"1888",47.736992,-102.4342115,4
"1889",47.7423218,-121.9856781,1
"1890",47.7510741,-120.7401386,10
"1891",47.8458036,-122.2975124,1
"1892",48.00611,0.199556,1
"1893",48.118146,-123.4307413,1
"1894",48.1351253,11.5819806,1
"1895",48.1485965,17.1077477,1
"1896",48.2020471,-2.9326435,2
"1897",48.3705449,10.89779,3
"1898",48.379433,31.16558,2
"1899",48.3808951,-89.2476823,6
"1900",48.4015032,17.3611527,1
"1901",48.4751998,-81.3318545,1
"1902",48.479643,-116.8494592,1
"1903",48.589944,7.7526647,1
"1904",48.6502411,-123.399005,1
"1905",48.856614,2.3522219,5
"1906",49.1044302,-122.801094,1
"1907",49.1665898,-123.133569,2
"1908",49.182863,-0.370679,2
"1909",49.214439,-2.13125,4
"1910",49.2193226,-122.598398,1
"1911",49.220421,-122.985441,1
"1912",49.2827291,-123.1207375,5
"1913",49.3237408,-117.6593341,1
"1914",49.4874592,8.4660395,2
"1915",49.6091904,6.1193157,2
"1916",49.69349,-112.84184,1
"1917",49.817492,15.472962,2
"1918",49.83385,-119.5236098,1
"1919",49.8728253,8.6511929,2
"1920",49.894067,2.295753,1
"1921",49.895136,-97.1383744,10
"1922",49.9807973,-97.0294557,1
"1923",49.9873929,10.5881804,2
"1924",50.026884,19.9417226,1
"1925",50.0757088,14.4403122,1
"1926",50.0875625,-97.2196509,1
"1927",50.152571,-5.06627,2
"1928",50.2660471,-5.0527125,1
"1929",50.4452112,-104.6188944,2
"1930",50.503887,4.469936,6
"1931",50.5958868,22.0496535,1
"1932",50.6938479,-1.304734,1
"1933",50.718412,-3.533899,1
"1934",50.719164,-1.880769,1
"1935",50.7273109,4.4863466,1
"1936",50.7487635,-2.3444786,2
"1937",50.7946785,-1.1057192,1
"1938",50.82253,-0.137163,1
"1939",50.8392661,5.730216,1
"1940",50.8456685,4.369108,1
"1941",50.8518324,-0.9847132,1
"1942",50.8899294,-1.3153733,1
"1943",50.937531,6.9602786,1
"1944",50.965817,-113.897549,1
"1945",51.0486151,-114.0708459,15
"1946",51.1250608,-114.0168895,1
"1947",51.1394506,4.7564892,1
"1948",51.165691,10.451526,6
"1949",51.178882,-1.826215,1
"1950",51.2259471,-0.5790389,1
"1951",51.253775,-85.3232139,7
"1952",51.3679876,-0.1025278,1
"1953",51.41233,-0.300689,1
"1954",51.44621,0.216872,2
"1955",51.4571477,-0.1230681,1
"1956",51.481581,-3.17909,2
"1957",51.4817279,-0.613576,1
"1958",51.4826537,5.2321687,1
"1959",51.485027,-3.556791,1
"1960",51.4962281,-113.5100244,1
"1961",51.5073509,-0.1277583,14
"1962",51.5159734,-0.174943,2
"1963",51.5255162,0.0352163,1
"1964",51.6049674,-0.0722785,1
"1965",51.7659078,0.6673665,2
"1966",51.8097823,-0.2376744,2
"1967",51.8137073,-0.8094705,1
"1968",51.919438,19.145136,9
"1969",51.9244201,4.4777325,1
"1970",51.9329295,-127.0940535,2
"1971",52.132633,5.291266,2
"1972",52.1332144,-106.6700458,1
"1973",52.252231,4.756672,2
"1974",52.2660751,6.1552165,1
"1975",52.2681118,-113.8112386,1
"1976",52.3555177,-1.1743197,8
"1977",52.3702157,4.8951679,1
"1978",52.4750743,-1.829833,1
"1979",52.481138,1.753449,1
"1980",52.486243,-1.890401,1
"1981",52.5200066,13.404954,3
"1982",52.6368778,-1.1397592,1
"1983",52.6541454,-7.2447879,1
"1984",52.7063657,-2.7417849,1
"1985",52.8473958,-104.0489835,1
"1986",52.8765518,5.9958692,1
"1987",52.8792745,-2.0571868,1
"1988",53.1423672,-7.6920536,9
"1989",53.230688,-0.540579,1
"1990",53.2326344,-2.6103157,3
"1991",53.321458,-105.537257,1
"1992",53.323639,-1.2778772,1
"1993",53.389991,-3.023009,1
"1994",53.41291,-8.24389,1
"1995",53.4326035,-1.3635009,1
"1996",53.4584657,13.427448,1
"1997",53.478764,-2.094523,1
"1998",53.4807593,-2.2426305,4
"1999",53.5256684,-6.0911586,1
"2000",53.5412083,-113.2957365,1
"2001",53.544389,-113.4909267,7
"2002",53.5510846,9.9936818,1
"2003",53.55263,-1.479726,1
"2004",53.6304753,-113.625642,1
"2005",53.691688,-1.308648,1
"2006",54.0798977,12.1583254,1
"2007",54.5259614,-105.2551187,6
"2008",54.5259614,15.2551187,2
"2009",54.597285,-5.93012,1
"2010",54.7877149,-6.4923145,1
"2011",54.978252,-1.61778,1
"2012",55.010762,-1.449138,1
"2013",55.378051,-3.435973,17
"2014",55.6180236,12.6507628,1
"2015",55.755826,37.6173,2
"2016",55.777633,-4.053679,1
"2017",55.8570914,-4.24696,1
"2018",55.864237,-4.251806,1
"2019",55.866267,-3.962566,1
"2020",56.071741,-3.452151,1
"2021",56.130366,-106.346771,21
"2022",56.3416934,-2.7927522,1
"2023",56.462018,-2.970721,1
"2024",56.4906712,-4.2026458,5
"2025",56.616987,-2.566376,2
"2026",56.9496487,24.1051864,2
"2027",57.3636591,-2.0797895,1
"2028",59.3293235,18.0685808,1
"2029",59.3774523,17.0321193,1
"2030",59.9138688,10.7522454,1
"2031",60.1698557,24.938379,1
"2032",60.4518126,22.2666303,1
"2033",60.472024,8.468946,1
"2034",61.0137097,99.1966559,1
"2035",61.2180556,-149.9002778,5
"2036",61.92411,25.748151,1
"2037",62.9529839,18.3890531,1
"2038",64.2008413,-149.4936733,3
"2039",64.7511111,-147.3494444,1
"2040",64.8377778,-147.7163889,1
"2041",NA,NA,2814
